<?xml version="1.0"?>
<?xml-stylesheet type="text/css" href="a1.css"?>
<Store><Item><ItemName>Pen</ItemName><ItemPrice>20</ItemPrice><Quantity>100</Quantity></Item><Item><ItemName>Pencil</ItemName><ItemPrice>5</ItemPrice><Quantity>100</Quantity></Item><Item><ItemName>Eraser</ItemName><ItemPrice>5</ItemPrice><Quantity>100</Quantity></Item><Item><ItemName>Notebook</ItemName><ItemPrice>30</ItemPrice><Quantity>120</Quantity></Item><Item><ItemName>Book</ItemName><ItemPrice>120</ItemPrice><Quantity>120</Quantity></Item></Store>
