<?xml version="1.0" encoding="UTF-8"?>

<BOOK>

<COMPTER>

<TITLE>ABCDE</TITLE>

<AUTHOR>Jean</AUTHOR>

<ISBN>12345</ISBN>

<PUBLISHER>Penguin Random House India</PUBLISHER>

<PRICE>1000</PRICE>

<YEAR>2018</YEAR>

</COMPTER>

<COMPTER>

<TITLE>ABCDEFG</TITLE>

<AUTHOR>Steve</AUTHOR>

<ISBN>54123</ISBN>

<PUBLISHER>Rupa Publications</PUBLISHER>

<PRICE>1500</PRICE>

<YEAR>2018</YEAR>

</COMPTER>

<COMPTER>

<TITLE>ABCDEFGHIJ</TITLE>

<AUTHOR>Hennie</AUTHOR>

<ISBN>12354</ISBN>

<PUBLISHER>Jaico Publishing House</PUBLISHER>

<PRICE>2000</PRICE>

<YEAR>2018</YEAR>

</COMPTER>

</BOOK>
